<?xml version="1.0"?>
<extension type="component" version="2.5.0" method="upgrade">
	<name>com_mycomp</name>
	<author>Pedram Soheil</author>
	<version>1.0.1</version>
	<description>This is my component</description>
	<files folder="components/com_mycomp">
		<filename>mycomp.php</filename>
		<filename>index.html</filename>
	</files>
	<administration>
		<files folder="administrator/components/com_mycomp">
			<filename>mycomp.php</filename>
			<filename>index.html</filename>
		</files>
	</administration>
	<menu link="option=com_mycomp">My Component</menu>
</extension>