<?xml version="1.0"?>
<extension type="component" version="2.5.0" method="upgrade">
	<name>com_mycomp</name>
	<author>Pedram Soheil</author>
	<version>1.0.14</version>
	<description>COM_MYCOMP_DESC</description>
	<media destination="com_mycomp" folder="media">
		<folder>images</folder>
		<folder>css</folder>
		<folder>js</folder>
		<filename>index.html</filename>
	</media>
	<files folder="components/com_mycomp">
		<filename>mycomp.php</filename>
		<filename>index.html</filename>
		<filename>controller.php</filename>
	</files>
	<languages folder="language/en-GB">
		<language tag="en-GB">en-GB.com_mycomp.ini</language>
	</languages>
	<install>
		<sql>
			<file charset="utf8" driver="mysql">install.sql</file>
		</sql>
	</install>
	<update>
		<sql>
			<file charset="utf8" driver="mysql">update.sql</file>
		</sql>
	</update>
	<uninstall>
		<sql>
			<file charset="utf8" driver="mysql">uninstall.sql</file>
		</sql>
	</uninstall>
	<administration>
		<files folder="administrator/components/com_mycomp">
			<filename>mycomp.php</filename>
			<filename>index.html</filename>
			<filename>controller.php</filename>
			<filename>install.sql</filename>
			<filename>update.sql</filename>
			<filename>uninstall.sql</filename>
		</files>
		<languages folder="administrator/language/en-GB">
			<language tag="en-GB">en-GB.com_mycomp.ini</language>
			<language tag="en-GB">en-GB.com_mycomp.sys.ini</language>
		</languages>
		<menu link="option=com_mycomp" img="../media/com_mycomp/images/com_mycomp-icon-16x16.png">COM_MYCOMP_MENU</menu>
		<submenu>
			<menu link="option=com_mycomp&amp;task=create" img="../media/com_mycomp/images/com_mycomp-create-icon-16x16.png">COM_MYCOMP_MENU_CREATE</menu>
			<menu link="option=com_mycomp&amp;task=listtask" img="../media/com_mycomp/images/com_mycomp-list-icon-16x16.png">COM_MYCOMP_MENU_LISTTASK</menu>
			<menu link="option=com_mycomp&amp;task=help" img="../media/com_mycomp/images/com_mycomp-help-icon-16x16.png">COM_MYCOMP_MENU_HELP</menu>
		</submenu>
	</administration>
</extension>